{"stats":{"minecraft:used":{"lucky_blocks_ultimate_2:diamond_apple":6,"minecraft:diamond_pickaxe":39,"lucky_blocks_ultimate_2:nightmare_lucky_block":5,"lucky_blocks_ultimate_2:dimensional_lucky_block":6,"lucky_blocks_ultimate_2:netherite_lucky_block":1,"minecraft:barrier":5,"minecraft:stone_pickaxe":19,"lucky_blocks_ultimate_2:eclipse_lucky_block":13,"lucky_blocks_ultimate_2:diamond_lucky_block":1,"lucky_blocks_ultimate_2:wave_potion":1,"lucky_blocks_ultimate_2:wave_lucky_block":3,"minecraft:stone_bricks":3,"minecraft:bedrock":2,"lucky_blocks_ultimate_2:lucky_block":33,"lucky_blocks_ultimate_2:murder_drones_lucky_block":3,"securitycraft:reinforced_stone_bricks":1,"lucky_blocks_ultimate_2:yin_yang_lucky_block":14,"lucky_blocks_ultimate_2:enchanted_sword":48,"lucky_blocks_ultimate_2:cursed_axe":4,"lucky_blocks_ultimate_2:nuclear_lucky_block":12,"lucky_blocks_ultimate_2:ender_lucky_block":13},"minecraft:picked_up":{"minecraft:stick":2,"minecraft:barrier":1,"minecraft:diamond_sword":2,"lucky_blocks_ultimate_2:wave_potion":1,"lucky_blocks_ultimate_2:lucky_block":1,"lucky_blocks_ultimate_2:ruby":8,"lucky_blocks_ultimate_2:amethyst_sickle":1,"lucky_blocks_ultimate_2:gold_gem":1,"lucky_blocks_ultimate_2:netherite_lucky_block":1,"minecraft:diamond_chestplate":1,"lucky_blocks_ultimate_2:obsidian_armor_boots":1,"lucky_blocks_ultimate_2:ender_lucky_block":1,"lucky_blocks_ultimate_2:yin_yang_lucky_block":1,"minecraft:netherite_ingot":2,"lucky_blocks_ultimate_2:cursed_axe":1,"lucky_blocks_ultimate_2:trapped_shulker":1,"lucky_blocks_ultimate_2:nightmare_lucky_block":1,"lucky_blocks_ultimate_2:nuclear_lucky_block":1,"minecraft:stone_bricks":1,"minecraft:diamond_leggings":1,"lucky_blocks_ultimate_2:diamond_apple":9,"lucky_blocks_ultimate_2:eclipse_lucky_block":1,"minecraft:echo_shard":1,"minecraft:gold_ingot":8,"minecraft:emerald":8,"minecraft:blaze_rod":2,"lucky_blocks_ultimate_2:wave_lucky_block":1,"lucky_blocks_ultimate_2:enchanted_sword":1,"lucky_blocks_ultimate_2:lucky_armor_leggings":3},"minecraft:custom":{"minecraft:time_since_rest":1826,"minecraft:damage_absorbed":952,"minecraft:sprint_one_cm":82491,"minecraft:open_enderchest":2,"minecraft:damage_taken":4986,"minecraft:walk_one_cm":83969,"minecraft:mob_kills":4,"minecraft:drop":3,"minecraft:damage_dealt":3566,"minecraft:fly_one_cm":665193,"minecraft:player_kills":9,"minecraft:crouch_one_cm":7458,"minecraft:play_time":45766,"minecraft:deaths":5,"minecraft:sneak_time":3109,"minecraft:jump":578,"minecraft:time_since_death":1799,"minecraft:climb_one_cm":2533,"minecraft:total_world_time":45766,"minecraft:fall_one_cm":7311},"minecraft:killed_by":{"minecraft:player":3},"minecraft:mined":{"lucky_blocks_ultimate_2:wave_lucky_block":2,"lucky_blocks_ultimate_2:dimensional_lucky_block":5,"lucky_blocks_ultimate_2:nuclear_lucky_block":12,"lucky_blocks_ultimate_2:yin_yang_lucky_block":9,"lucky_blocks_ultimate_2:lucky_block":10,"lucky_blocks_ultimate_2:diamond_lucky_block":1,"lucky_blocks_ultimate_2:murder_drones_lucky_block":2,"lucky_blocks_ultimate_2:ender_lucky_block":9,"halloween_luckyblock:luckyblock":3,"minecraft:stone_bricks":1,"lucky_blocks_ultimate_2:eclipse_lucky_block":8,"lucky_blocks_ultimate_2:nightmare_lucky_block":3,"lucky_blocks_ultimate_2:netherite_lucky_block":1},"minecraft:dropped":{"minecraft:stick":4}},"DataVersion":3465}