{"stats":{"minecraft:used":{"lucky_blocks_ultimate_2:obsidian_gauntlet":2,"lucky_blocks_ultimate_2:nightmare_lucky_block":5,"lucky_blocks_ultimate_2:dimensional_lucky_block":6,"minecraft:stone_pickaxe":19,"lucky_blocks_ultimate_2:eclipse_lucky_block":13,"lucky_blocks_ultimate_2:diamond_lucky_block":1,"lucky_blocks_ultimate_2:wave_buster":27,"lucky_blocks_ultimate_2:wave_potion":1,"securitycraft:reinforced_stone_bricks":1,"lucky_blocks_ultimate_2:enchanted_sword":48,"lucky_blocks_ultimate_2:diamond_apple":6,"minecraft:diamond_pickaxe":39,"lucky_blocks_ultimate_2:netherite_lucky_block":1,"minecraft:barrier":5,"lucky_blocks_ultimate_2:wave_lucky_block":3,"minecraft:stone_bricks":3,"lucky_blocks_ultimate_2:herobrine_sword":27,"minecraft:bedrock":2,"lucky_blocks_ultimate_2:murder_drones_lucky_block":3,"lucky_blocks_ultimate_2:lucky_block":33,"lucky_blocks_ultimate_2:yin_yang_lucky_block":14,"lucky_blocks_ultimate_2:cursed_axe":4,"halloween_luckyblock:killerknive":25,"lucky_blocks_ultimate_2:nuclear_lucky_block":12,"lucky_blocks_ultimate_2:ender_lucky_block":13},"minecraft:picked_up":{"paraglider:paraglider":1,"minecraft:barrier":1,"minecraft:diamond_sword":2,"lucky_blocks_ultimate_2:yin_yang_lucky_block":1,"minecraft:netherite_ingot":2,"lucky_blocks_ultimate_2:trapped_shulker":1,"lucky_blocks_ultimate_2:nightmare_lucky_block":1,"minecraft:stone_bricks":1,"minecraft:diamond_leggings":1,"lucky_blocks_ultimate_2:diamond_apple":9,"minecraft:echo_shard":1,"lucky_blocks_ultimate_2:wave_lucky_block":1,"usefulslime:slime_sling":1,"lucky_blocks_ultimate_2:lucky_armor_leggings":3,"lucky_blocks_ultimate_2:enchanted_sword":1,"minecraft:stick":2,"lucky_blocks_ultimate_2:wave_potion":1,"lucky_blocks_ultimate_2:lucky_block":1,"lucky_blocks_ultimate_2:ruby":8,"lucky_blocks_ultimate_2:amethyst_sickle":1,"lucky_blocks_ultimate_2:ender_lucky_block":1,"lucky_blocks_ultimate_2:obsidian_armor_boots":1,"lucky_blocks_ultimate_2:netherite_lucky_block":1,"minecraft:diamond_chestplate":1,"lucky_blocks_ultimate_2:gold_gem":1,"usefulslime:slime_boots":1,"lucky_blocks_ultimate_2:nuclear_lucky_block":1,"lucky_blocks_ultimate_2:cursed_axe":1,"lucky_blocks_ultimate_2:eclipse_lucky_block":1,"minecraft:emerald":8,"minecraft:gold_ingot":8,"minecraft:bread":1667,"minecraft:blaze_rod":2},"minecraft:custom":{"minecraft:mob_kills":10,"minecraft:leave_game":1,"minecraft:time_since_death":986,"minecraft:climb_one_cm":2533,"minecraft:time_since_rest":1015,"minecraft:walk_one_cm":109560,"minecraft:damage_taken":9332,"minecraft:sprint_one_cm":125530,"minecraft:open_enderchest":2,"minecraft:damage_absorbed":1148,"minecraft:drop":3,"minecraft:damage_dealt":6822,"minecraft:fly_one_cm":760124,"minecraft:player_kills":21,"minecraft:crouch_one_cm":8382,"minecraft:play_time":61094,"minecraft:deaths":12,"minecraft:sneak_time":3283,"minecraft:jump":862,"minecraft:total_world_time":61094,"minecraft:fall_one_cm":9884},"minecraft:killed_by":{"minecraft:player":9},"minecraft:mined":{"lucky_blocks_ultimate_2:wave_lucky_block":2,"lucky_blocks_ultimate_2:dimensional_lucky_block":5,"lucky_blocks_ultimate_2:lucky_block":10,"lucky_blocks_ultimate_2:ender_lucky_block":9,"lucky_blocks_ultimate_2:nightmare_lucky_block":3,"lucky_blocks_ultimate_2:nuclear_lucky_block":12,"lucky_blocks_ultimate_2:yin_yang_lucky_block":9,"lucky_blocks_ultimate_2:diamond_lucky_block":1,"lucky_blocks_ultimate_2:murder_drones_lucky_block":2,"halloween_luckyblock:luckyblock":3,"minecraft:stone_bricks":1,"lucky_blocks_ultimate_2:eclipse_lucky_block":8,"lucky_blocks_ultimate_2:netherite_lucky_block":1},"minecraft:dropped":{"minecraft:stick":4},"minecraft:killed":{"minecraft:spider":3,"minecraft:slime":1,"minecraft:zombie":1}},"DataVersion":3465}