{"stats":{"minecraft:used":{"minecraft:stone_bricks":3,"lucky_blocks_ultimate_2:lucky_block":33,"minecraft:bedrock":2,"lucky_blocks_ultimate_2:nightmare_lucky_block":5,"lucky_blocks_ultimate_2:murder_drones_lucky_block":3,"securitycraft:reinforced_stone_bricks":1,"lucky_blocks_ultimate_2:dimensional_lucky_block":6,"lucky_blocks_ultimate_2:yin_yang_lucky_block":14,"minecraft:barrier":5,"lucky_blocks_ultimate_2:eclipse_lucky_block":13,"lucky_blocks_ultimate_2:diamond_lucky_block":1,"lucky_blocks_ultimate_2:nuclear_lucky_block":11,"lucky_blocks_ultimate_2:ender_lucky_block":13,"lucky_blocks_ultimate_2:wave_lucky_block":3},"minecraft:picked_up":{"minecraft:stick":2,"minecraft:netherite_ingot":2,"lucky_blocks_ultimate_2:nightmare_lucky_block":1,"lucky_blocks_ultimate_2:nuclear_lucky_block":1,"minecraft:stone_bricks":1,"lucky_blocks_ultimate_2:eclipse_lucky_block":1,"lucky_blocks_ultimate_2:lucky_block":1,"lucky_blocks_ultimate_2:wave_lucky_block":1,"lucky_blocks_ultimate_2:ender_lucky_block":1,"lucky_blocks_ultimate_2:yin_yang_lucky_block":1,"minecraft:barrier":1},"minecraft:custom":{"minecraft:time_since_rest":21128,"minecraft:open_enderchest":2,"minecraft:walk_one_cm":50140,"minecraft:crouch_one_cm":4000,"minecraft:play_time":27766,"minecraft:sprint_one_cm":34114,"minecraft:damage_taken":258,"minecraft:deaths":2,"minecraft:sneak_time":2059,"minecraft:drop":3,"minecraft:jump":285,"minecraft:time_since_death":21098,"minecraft:total_world_time":27766,"minecraft:fall_one_cm":2308,"minecraft:fly_one_cm":517419},"minecraft:mined":{"lucky_blocks_ultimate_2:diamond_lucky_block":1,"lucky_blocks_ultimate_2:yin_yang_lucky_block":3,"halloween_luckyblock:luckyblock":1},"minecraft:dropped":{"minecraft:stick":4}},"DataVersion":3465}