{"stats":{"minecraft:used":{"minecraft:bedrock":2,"lucky_blocks_ultimate_2:murder_drones_lucky_block":1,"securitycraft:reinforced_stone_bricks":1,"lucky_blocks_ultimate_2:dimensional_lucky_block":5,"lucky_blocks_ultimate_2:yin_yang_lucky_block":4,"minecraft:barrier":5,"lucky_blocks_ultimate_2:eclipse_lucky_block":6,"lucky_blocks_ultimate_2:diamond_lucky_block":1,"lucky_blocks_ultimate_2:nuclear_lucky_block":1,"lucky_blocks_ultimate_2:ender_lucky_block":1},"minecraft:picked_up":{"minecraft:stick":2,"minecraft:netherite_ingot":2},"minecraft:custom":{"minecraft:time_since_rest":9128,"minecraft:open_enderchest":2,"minecraft:walk_one_cm":13010,"minecraft:crouch_one_cm":3749,"minecraft:play_time":15766,"minecraft:sprint_one_cm":26961,"minecraft:damage_taken":238,"minecraft:deaths":2,"minecraft:sneak_time":1757,"minecraft:drop":3,"minecraft:jump":212,"minecraft:time_since_death":9098,"minecraft:total_world_time":15766,"minecraft:fall_one_cm":1902,"minecraft:fly_one_cm":347386},"minecraft:mined":{"lucky_blocks_ultimate_2:diamond_lucky_block":1,"lucky_blocks_ultimate_2:yin_yang_lucky_block":3},"minecraft:dropped":{"minecraft:stick":4}},"DataVersion":3465}