{"stats":{"minecraft:used":{"lucky_blocks_ultimate_2:diamond_lucky_block":1,"lucky_blocks_ultimate_2:yin_yang_lucky_block":3},"minecraft:picked_up":{"minecraft:netherite_ingot":2},"minecraft:custom":{"minecraft:jump":82,"minecraft:time_since_rest":3766,"minecraft:crouch_one_cm":85,"minecraft:sprint_one_cm":7787,"minecraft:play_time":3766,"minecraft:time_since_death":3766,"minecraft:walk_one_cm":1131,"minecraft:sneak_time":179,"minecraft:total_world_time":3766,"minecraft:fall_one_cm":743,"minecraft:fly_one_cm":72769},"minecraft:mined":{"lucky_blocks_ultimate_2:diamond_lucky_block":1,"lucky_blocks_ultimate_2:yin_yang_lucky_block":2}},"DataVersion":3465}