{"stats":{"minecraft:used":{"minecraft:birch_fence":4,"minecraft:lever":1,"lucky_blocks_ultimate_2:nightmare_lucky_block":11,"halloween_luckyblock:luckyblock":7,"lucky_blocks_ultimate_2:dimensional_lucky_block":16,"lucky:lucky_block":50,"lucky_blocks_ultimate_2:eclipse_lucky_block":27,"lucky_blocks_ultimate_2:diamond_lucky_block":1,"lucky_blocks_ultimate_2:wave_lucky_block":11,"lucky_blocks_ultimate_2:lucky_block":26,"lucky_blocks_ultimate_2:murder_drones_lucky_block":9,"lucky_blocks_ultimate_2:yin_yang_lucky_block":26,"minecraft:blue_ice":42,"lucky_blocks_ultimate_2:nuclear_lucky_block":25,"minecraft:enchanted_golden_apple":1,"lucky_blocks_ultimate_2:ender_lucky_block":36},"minecraft:picked_up":{"minecraft:allium":7,"minecraft:azure_bluet":11,"minecraft:prismarine_shard":20,"lucky_blocks_ultimate_2:diamond_lucky_block":1,"minecraft:beacon":1,"minecraft:dandelion":9,"minecraft:enchanted_book":9,"minecraft:potion":1,"minecraft:diamond_horse_armor":1,"minecraft:cake":1,"lucky:lucky_block":25,"minecraft:iron_horse_armor":1,"minecraft:sea_lantern":4,"minecraft:prismarine_crystals":12,"lucky:lucky_potion":10,"lucky_blocks_ultimate_2:ender_lucky_block":1,"minecraft:blue_orchid":7,"minecraft:diamond":17,"minecraft:black_concrete":31,"minecraft:lever":2,"minecraft:iron_ingot":21,"minecraft:golden_apple":2,"minecraft:pink_tulip":6,"minecraft:gold_ingot":18,"minecraft:golden_horse_armor":2,"minecraft:emerald":21,"minecraft:poppy":13,"minecraft:enchanted_golden_apple":2,"minecraft:prismarine":15,"minecraft:oxeye_daisy":11},"minecraft:custom":{"minecraft:time_since_rest":41291,"minecraft:sprint_one_cm":36928,"minecraft:damage_taken":400,"minecraft:walk_one_cm":118600,"minecraft:drop":3,"minecraft:damage_dealt":28,"minecraft:talked_to_villager":1,"minecraft:fly_one_cm":1466179,"minecraft:open_chest":1,"minecraft:crouch_one_cm":207,"minecraft:play_time":83936,"minecraft:deaths":1,"minecraft:sneak_time":505,"minecraft:jump":219,"minecraft:leave_game":2,"minecraft:time_since_death":41260,"minecraft:total_world_time":83936,"minecraft:fall_one_cm":656},"minecraft:mined":{"lucky:lucky_block":13},"minecraft:dropped":{"lucky:lucky_block":1,"lucky_blocks_ultimate_2:diamond_lucky_block":1,"lucky_blocks_ultimate_2:ender_lucky_block":1}},"DataVersion":3465}