{"stats":{"minecraft:used":{"lucky_blocks_ultimate_2:nightmare_lucky_block":13,"lucky_blocks_ultimate_2:dimensional_lucky_block":16,"minecraft:stone_pickaxe":30,"lucky_blocks_ultimate_2:eclipse_lucky_block":27,"lucky_blocks_ultimate_2:lapis_scythe":7,"lucky_blocks_ultimate_2:diamond_lucky_block":1,"minecraft:rotten_flesh":1,"lucky_blocks_ultimate_2:obsidian_armor_boots":1,"minecraft:blue_ice":42,"minecraft:birch_fence":4,"minecraft:lever":1,"minecraft:diamond_pickaxe":37,"halloween_luckyblock:luckyblock":7,"lucky:lucky_block":50,"minecraft:bread":1,"lucky_blocks_ultimate_2:hacker_armor_chestplate":1,"lucky_blocks_ultimate_2:wave_lucky_block":11,"lucky_blocks_ultimate_2:lucky_block":26,"lucky_blocks_ultimate_2:murder_drones_lucky_block":9,"lucky_blocks_ultimate_2:yin_yang_lucky_block":28,"lucky_blocks_ultimate_2:frostslayer":29,"lucky_blocks_ultimate_2:nuclear_lucky_block":33,"minecraft:enchanted_golden_apple":1,"lucky_blocks_ultimate_2:ender_lucky_block":39},"minecraft:picked_up":{"minecraft:allium":7,"minecraft:azure_bluet":11,"lucky_blocks_ultimate_2:dungeons_diamond_sword":1,"minecraft:prismarine_shard":20,"lucky_blocks_ultimate_2:lava_crystal":1,"minecraft:beacon":2,"lucky_blocks_ultimate_2:shulker_armor_boots":1,"minecraft:potion":1,"minecraft:enchanted_book":9,"minecraft:diamond_horse_armor":1,"minecraft:oak_log":8,"lucky:lucky_block":25,"minecraft:gunpowder":2,"lucky:lucky_potion":10,"minecraft:netherite_ingot":1,"lucky_blocks_ultimate_2:nightmare_armor_helmet":1,"minecraft:blue_orchid":7,"minecraft:iron_ingot":29,"lucky_blocks_ultimate_2:totem_of_wither":1,"minecraft:poppy":13,"lucky_blocks_ultimate_2:frostslayer":1,"lucky_blocks_ultimate_2:silver_gem":1,"minecraft:diamond_helmet":1,"minecraft:enchanted_golden_apple":2,"minecraft:prismarine":15,"minecraft:iron_boots":1,"lucky_blocks_ultimate_2:amethyst_armor_helmet":1,"lucky_blocks_ultimate_2:lapis_scythe":1,"lucky_blocks_ultimate_2:diamond_lucky_block":1,"minecraft:dandelion":9,"minecraft:spyglass":1,"minecraft:cake":1,"minecraft:spider_eye":1,"minecraft:prismarine_crystals":12,"minecraft:sea_lantern":4,"minecraft:iron_horse_armor":1,"lucky_blocks_ultimate_2:ender_lucky_block":1,"lucky_blocks_ultimate_2:obsidian_armor_boots":1,"minecraft:rotten_flesh":2,"lucky_blocks_ultimate_2:redstone_armor_boots":1,"minecraft:diamond_chestplate":2,"lucky_blocks_ultimate_2:gold_gem":1,"minecraft:diamond":17,"minecraft:black_concrete":31,"minecraft:lever":2,"minecraft:iron_helmet":1,"minecraft:crossbow":1,"minecraft:bone_meal":1,"minecraft:pink_tulip":6,"minecraft:golden_apple":2,"lucky_blocks_ultimate_2:amethyst_armor_chestplate":1,"minecraft:emerald":21,"minecraft:golden_horse_armor":2,"minecraft:gold_ingot":26,"minecraft:cobblestone":3,"minecraft:oxeye_daisy":11},"minecraft:custom":{"minecraft:mob_kills":1,"minecraft:leave_game":2,"minecraft:time_since_death":1800,"minecraft:climb_one_cm":547,"minecraft:time_since_rest":1826,"minecraft:damage_absorbed":400,"minecraft:open_enderchest":2,"minecraft:sprint_one_cm":90949,"minecraft:damage_taken":4768,"minecraft:walk_one_cm":155102,"minecraft:drop":3,"minecraft:damage_dealt":769,"minecraft:fly_one_cm":1573607,"minecraft:talked_to_villager":1,"minecraft:player_kills":2,"minecraft:open_chest":2,"minecraft:crouch_one_cm":207,"minecraft:play_time":101936,"minecraft:deaths":13,"minecraft:sneak_time":528,"minecraft:jump":397,"minecraft:total_world_time":101936,"minecraft:fall_one_cm":12312},"minecraft:killed_by":{"minecraft:player":10},"minecraft:mined":{"lucky_blocks_ultimate_2:wave_lucky_block":4,"lucky_blocks_ultimate_2:dimensional_lucky_block":5,"lucky_blocks_ultimate_2:lucky_block":11,"lucky_blocks_ultimate_2:ender_lucky_block":10,"lucky_blocks_ultimate_2:nightmare_lucky_block":3,"lucky_blocks_ultimate_2:nuclear_lucky_block":8,"lucky_blocks_ultimate_2:yin_yang_lucky_block":8,"lucky_blocks_ultimate_2:murder_drones_lucky_block":2,"halloween_luckyblock:luckyblock":1,"lucky:lucky_block":13,"minecraft:stone_bricks":1,"lucky_blocks_ultimate_2:eclipse_lucky_block":8},"minecraft:dropped":{"lucky:lucky_block":1,"lucky_blocks_ultimate_2:diamond_lucky_block":1,"lucky_blocks_ultimate_2:ender_lucky_block":1}},"DataVersion":3465}