{"stats":{"minecraft:picked_up":{"minecraft:allium":7,"minecraft:azure_bluet":14,"minecraft:prismarine_shard":6,"minecraft:iron_trapdoor":9,"minecraft:leather_leggings":1,"minecraft:redstone_lamp":16,"minecraft:yellow_wool":1,"minecraft:rabbit_stew":1,"minecraft:enchanted_book":10,"minecraft:diamond_horse_armor":1,"minecraft:heavy_weighted_pressure_plate":4,"minecraft:oak_trapdoor":8,"lucky:lucky_potion":40,"minecraft:wooden_sword":1,"minecraft:sticky_piston":9,"minecraft:zombie_head":1,"minecraft:blue_orchid":8,"minecraft:gold_nugget":2,"minecraft:comparator":9,"lucky:lucky_sword":3,"minecraft:bucket":2,"minecraft:light_weighted_pressure_plate":2,"minecraft:red_dye":8,"minecraft:redstone_torch":32,"minecraft:ender_eye":5,"minecraft:poppy":7,"minecraft:piston":9,"minecraft:stick":1,"minecraft:orange_dye":5,"minecraft:oak_door":4,"minecraft:note_block":4,"minecraft:gray_dye":5,"minecraft:porkchop":8,"minecraft:white_dye":1,"minecraft:cake":2,"minecraft:stone_button":8,"minecraft:carrot":13,"minecraft:redstone":249,"minecraft:brown_dye":2,"minecraft:prismarine_crystals":7,"minecraft:iron_horse_armor":2,"minecraft:stone_pressure_plate":9,"minecraft:black_dye":5,"minecraft:tnt":24,"minecraft:arrow":22,"minecraft:rotten_flesh":1,"minecraft:diamond_boots":1,"minecraft:deepslate_bricks":1,"minecraft:hay_block":8,"minecraft:blue_dye":3,"minecraft:pink_tulip":8,"minecraft:saddle":1,"minecraft:gold_ingot":18,"minecraft:mutton":2,"minecraft:obsidian":14,"minecraft:skeleton_skull":1,"minecraft:oxeye_daisy":10,"minecraft:sponge":1,"minecraft:leather_chestplate":1,"minecraft:water_bucket":2,"minecraft:tripwire_hook":8,"minecraft:repeater":32,"minecraft:golden_carrot":6,"minecraft:iron_door":2,"minecraft:yellow_dye":4,"minecraft:leather":2,"minecraft:potato":29,"minecraft:bedrock":2,"minecraft:magenta_dye":4,"minecraft:light_gray_dye":7,"minecraft:dirt":13,"lucky:lucky_bow":2,"minecraft:leather_boots":1,"minecraft:bow":1,"minecraft:iron_ingot":19,"minecraft:oak_fence_gate":4,"minecraft:prismarine":8,"minecraft:green_dye":6,"minecraft:milk_bucket":2,"minecraft:cooked_porkchop":8,"minecraft:pumpkin":8,"minecraft:daylight_detector":4,"minecraft:dandelion":10,"minecraft:oak_pressure_plate":8,"minecraft:poisonous_potato":12,"minecraft:lava_bucket":2,"minecraft:dropper":20,"minecraft:sea_lantern":1,"minecraft:dragon_egg":1,"minecraft:leather_helmet":1,"minecraft:lime_dye":6,"minecraft:dispenser":8,"minecraft:diamond":22,"minecraft:slime_block":15,"minecraft:lever":8,"minecraft:crossbow":1,"minecraft:painting":4,"minecraft:oak_button":8,"minecraft:emerald":24,"minecraft:golden_horse_armor":1,"minecraft:bread":64,"minecraft:cyan_dye":4,"minecraft:baked_potato":11,"minecraft:jack_o_lantern":13,"minecraft:pink_dye":3,"minecraft:hopper":16,"minecraft:ender_pearl":10},"minecraft:killed":{"minecraft:llama":1,"minecraft:creeper":1},"minecraft:used":{"minecraft:jack_o_lantern":13,"minecraft:oak_door":2,"minecraft:end_stone_brick_wall":17,"minecraft:dirt":95,"minecraft:obsidian":2,"minecraft:quartz_pillar":733,"minecraft:iron_block":5,"minecraft:bedrock":164,"minecraft:end_stone_brick_stairs":29,"minecraft:pumpkin":8,"minecraft:end_stone_bricks":127,"minecraft:diamond_boots":1,"minecraft:ender_pearl":3,"minecraft:end_stone_brick_slab":83,"lucky:lucky_sword":2,"minecraft:smooth_quartz_stairs":412,"minecraft:sponge":1,"minecraft:cake":2,"minecraft:sticky_piston":8,"minecraft:piston":8,"minecraft:bread":1,"minecraft:yellow_wool":1,"minecraft:wooden_sword":13},"minecraft:killed_by":{"minecraft:creeper":2,"minecraft:zombie":1},"minecraft:dropped":{"minecraft:bread":1,"minecraft:daylight_detector":2,"minecraft:black_dye":5,"minecraft:porkchop":8,"minecraft:orange_dye":5,"minecraft:oak_pressure_plate":4,"minecraft:golden_horse_armor":1,"minecraft:poisonous_potato":12,"minecraft:prismarine_shard":6,"minecraft:prismarine_crystals":7,"lucky:lucky_potion":8,"minecraft:leather":1,"minecraft:iron_horse_armor":2,"minecraft:bedrock":1,"minecraft:redstone_lamp":8,"minecraft:blue_dye":3,"minecraft:iron_trapdoor":5,"minecraft:stone_button":4,"minecraft:green_dye":6,"minecraft:dispenser":4,"minecraft:yellow_dye":4,"minecraft:repeater":16,"minecraft:gold_nugget":4,"minecraft:red_dye":8,"minecraft:tripwire_hook":4,"minecraft:gray_dye":5,"minecraft:dandelion":1,"minecraft:redstone":136,"minecraft:pink_tulip":8,"minecraft:note_block":2,"minecraft:brown_dye":2,"minecraft:lever":4,"minecraft:oak_trapdoor":4,"minecraft:rotten_flesh":1,"minecraft:comparator":5,"minecraft:prismarine":8,"minecraft:deepslate_bricks":1,"minecraft:oak_fence_gate":2,"minecraft:sea_lantern":1,"minecraft:end_stone_brick_stairs":1,"minecraft:oak_button":4,"minecraft:heavy_weighted_pressure_plate":2,"minecraft:dropper":6,"minecraft:hopper":8,"minecraft:leather_boots":1,"minecraft:stone_pressure_plate":5,"minecraft:light_gray_dye":7,"minecraft:white_dye":1,"minecraft:rabbit_stew":1,"minecraft:blue_orchid":8,"minecraft:magenta_dye":4},"minecraft:mined":{"minecraft:grass_block":4,"minecraft:frosted_ice":5,"lucky:lucky_block":65,"minecraft:slime_block":19,"minecraft:dirt":3},"minecraft:custom":{"minecraft:mob_kills":2,"minecraft:leave_game":4,"minecraft:time_since_death":1298,"minecraft:climb_one_cm":756,"minecraft:sprint_one_cm":58421,"minecraft:walk_one_cm":105310,"minecraft:drop":92,"minecraft:play_time":69796,"minecraft:deaths":13,"minecraft:sneak_time":1056,"minecraft:jump":949,"minecraft:total_world_time":69796,"minecraft:time_since_rest":1330,"minecraft:open_enderchest":5,"minecraft:damage_taken":6034,"minecraft:damage_dealt":657,"minecraft:fly_one_cm":496216,"minecraft:open_chest":8,"minecraft:crouch_one_cm":875,"minecraft:fall_one_cm":34219}},"DataVersion":3465}