{"stats":{"minecraft:crafted":{"minecraft:leather_leggings":2,"minecraft:leather_boots":2,"minecraft:leather_helmet":2,"minecraft:leather_chestplate":2},"minecraft:used":{"minecraft:oak_trapdoor":92,"minecraft:moss_block":4,"usefulslime:slime_boots":5,"minecraft:ladder":198,"minecraft:diamond_hoe":6,"minecraft:oak_sign":22,"minecraft:chest":16,"minecraft:ender_chest":46,"lucky_blocks_ultimate_2:wave_buster":11,"lucky_blocks_ultimate_2:nightmare_armor_leggings":1,"securitycraft:reinforced_obsidian":21,"minecraft:birch_pressure_plate":1,"lucky_blocks_ultimate_2:emerald_apple":4,"minecraft:obsidian":111,"halloween_luckyblock:luckyblock":2,"lucky:lucky_block":200,"minecraft:grass_block":49,"minecraft:slime_block":174,"lucky_blocks_ultimate_2:great_hammer":3,"minecraft:stone_bricks":439,"minecraft:birch_button":21,"minecraft:bedrock":1246,"securitycraft:reinforced_spruce_fence":4,"minecraft:netherite_pickaxe":36,"lucky:lucky_potion":43,"halloween_luckyblock:clown_boots":3,"minecraft:stone_pickaxe":12,"lucky:lucky_sword":4,"minecraft:smooth_quartz_stairs":138,"securitycraft:cobblestone_mine":55,"securitycraft:reinforced_stone_bricks":249,"minecraft:red_bed":5,"minecraft:cake":1,"minecraft:birch_fence":39,"minecraft:oak_log":78,"lucky_blocks_ultimate_2:diamond_apple":9,"minecraft:diamond_pickaxe":2,"minecraft:command_block":75,"minecraft:bread":8,"minecraft:barrier":611,"minecraft:oak_button":17,"lucky_blocks_ultimate_2:wave_axe":25,"minecraft:spruce_trapdoor":74,"minecraft:oak_pressure_plate":52,"lucky_blocks_ultimate_2:crying_club":3,"lucky_blocks_ultimate_2:amethyst_armor_helmet":1,"minecraft:diamond_sword":9,"minecraft:wooden_sword":10,"minecraft:oak_hanging_sign":8},"minecraft:picked_up":{"minecraft:wooden_axe":4,"minecraft:music_disc_strad":1,"minecraft:allium":14,"minecraft:azure_bluet":14,"minecraft:ender_chest":2,"minecraft:ladder":64,"minecraft:nether_wart":1,"minecraft:prismarine_shard":15,"minecraft:rabbit_stew":1,"minecraft:redstone_lamp":4,"minecraft:leather_leggings":2,"minecraft:diamond_sword":2,"minecraft:pink_wool":2,"minecraft:enchanted_book":10,"minecraft:birch_button":3,"minecraft:diamond_horse_armor":1,"minecraft:oak_trapdoor":1,"minecraft:string":14,"lucky:lucky_potion":32,"minecraft:wooden_sword":3,"minecraft:cat_spawn_egg":1,"minecraft:oak_hanging_sign":2,"minecraft:sticky_piston":4,"minecraft:quartz_slab":4,"minecraft:salmon_spawn_egg":1,"minecraft:oak_sign":3,"minecraft:gold_nugget":6,"lucky:lucky_sword":2,"minecraft:bucket":3,"minecraft:eye_armor_trim_smithing_template":1,"minecraft:redstone_torch":8,"minecraft:cyan_wool":2,"minecraft:ender_eye":3,"minecraft:poppy":7,"minecraft:iron_pickaxe":1,"minecraft:enchanted_golden_apple":3,"minecraft:quartz_stairs":7,"minecraft:chest":2,"minecraft:smooth_quartz_stairs":1,"minecraft:piston":4,"minecraft:diamond_hoe":1,"lucky_blocks_ultimate_2:amethyst_armor_helmet":2,"minecraft:golden_helmet":2,"minecraft:hoglin_spawn_egg":1,"minecraft:stick":2,"lucky_blocks_ultimate_2:dimensional_lucky_block":1,"lucky_blocks_ultimate_2:yellow_gem":1,"lucky_blocks_ultimate_2:purple_gem":1,"minecraft:note_block":1,"minecraft:gray_dye":10,"minecraft:cake":1,"minecraft:stone_button":2,"minecraft:redstone":1,"lucky_blocks_ultimate_2:sculk_lucky_block":1,"minecraft:golden_chestplate":2,"minecraft:prismarine_crystals":7,"minecraft:iron_horse_armor":1,"minecraft:rabbit_foot":4,"minecraft:stone_pressure_plate":4,"minecraft:tnt":22,"minecraft:quartz_block":15,"minecraft:stone_sword":3,"minecraft:stone_shovel":1,"minecraft:arrow":32,"minecraft:command_block":2,"minecraft:rotten_flesh":5,"lucky_blocks_ultimate_2:orb_of_confusion":1,"lucky_blocks_ultimate_2:cursed_axe":1,"minecraft:hay_block":8,"securitycraft:reinforced_stone_bricks":1,"minecraft:blue_dye":6,"minecraft:gold_ingot":60,"minecraft:green_wool":1,"minecraft:glistering_melon_slice":3,"lucky_blocks_ultimate_2:great_hammer":2,"minecraft:blaze_rod":2,"minecraft:obsidian":2,"minecraft:mutton":8,"minecraft:skeleton_skull":1,"minecraft:blaze_powder":8,"minecraft:oxeye_daisy":10,"securitycraft:admin_tool":1,"minecraft:barrier":2,"minecraft:leather_chestplate":2,"minecraft:feather":3,"minecraft:magma_cream":5,"minecraft:water_bucket":3,"minecraft:tripwire_hook":2,"minecraft:fox_spawn_egg":1,"minecraft:leather":2,"minecraft:skeleton_horse_spawn_egg":1,"minecraft:golden_leggings":2,"minecraft:beacon":1,"minecraft:end_portal_frame":2,"minecraft:potato":29,"lucky_blocks_ultimate_2:unstable_enderpearl":1,"minecraft:bedrock":2,"securitycraft:reinforced_obsidian":64,"halloween_luckyblock:clown_leggings":1,"minecraft:golden_boots":2,"lucky:lucky_block":131,"minecraft:gunpowder":1,"minecraft:map":2,"minecraft:dirt":13,"minecraft:paper":9,"lucky:lucky_bow":3,"minecraft:leather_boots":2,"minecraft:bone":14,"minecraft:stone_bricks":60,"minecraft:bow":4,"lucky_blocks_ultimate_2:diamond_apple":5,"minecraft:rabbit_hide":4,"minecraft:iron_ingot":22,"minecraft:oak_fence_gate":1,"minecraft:stone_pickaxe":1,"minecraft:rabbit":4,"minecraft:prismarine":12,"minecraft:stone_hoe":3,"usefulslime:slime_sling":1,"lucky_blocks_ultimate_2:lucky_armor_leggings":1,"minecraft:book":4,"minecraft:ghast_tear":2,"minecraft:nether_quartz_ore":31,"minecraft:milk_bucket":4,"minecraft:music_disc_13":1,"minecraft:strider_spawn_egg":1,"minecraft:daylight_detector":1,"minecraft:red_wool":1,"minecraft:quartz":45,"minecraft:dandelion":9,"minecraft:oak_pressure_plate":10,"minecraft:lava_bucket":2,"minecraft:dropper":8,"minecraft:ink_sac":2,"minecraft:fermented_spider_eye":6,"minecraft:crying_obsidian":1,"minecraft:sea_lantern":1,"minecraft:spider_eye":4,"minecraft:leather_helmet":2,"lucky_blocks_ultimate_2:wave_axe":1,"minecraft:diamond_shovel":1,"minecraft:husk_spawn_egg":1,"minecraft:slime_ball":5,"minecraft:slime_block":16,"minecraft:diamond":25,"minecraft:stone_axe":3,"lucky_blocks_ultimate_2:crying_club":1,"minecraft:lever":3,"lucky_blocks_ultimate_2:nightmare_armor_leggings":1,"minecraft:iron_helmet":1,"minecraft:painting":6,"minecraft:bone_meal":4,"minecraft:golden_apple":5,"minecraft:emerald":19,"minecraft:golden_horse_armor":3,"minecraft:bread":11468,"minecraft:oak_button":3,"minecraft:coal":4,"minecraft:nether_star":1,"minecraft:diamond_pickaxe":1,"minecraft:ender_pearl":4},"minecraft:custom":{"minecraft:mob_kills":29,"minecraft:leave_game":6,"minecraft:time_since_death":6004,"minecraft:climb_one_cm":4264,"minecraft:sprint_one_cm":416879,"minecraft:walk_one_cm":348544,"minecraft:drop":84,"minecraft:talked_to_villager":2,"minecraft:play_time":287419,"minecraft:sneak_time":9096,"minecraft:deaths":26,"minecraft:jump":1622,"minecraft:total_world_time":287419,"minecraft:time_since_rest":6034,"minecraft:open_enderchest":6,"minecraft:damage_taken":9065,"minecraft:damage_absorbed":2453,"minecraft:damage_dealt":5748,"minecraft:interact_with_beacon":2,"minecraft:fly_one_cm":5362193,"minecraft:player_kills":9,"minecraft:open_chest":21,"minecraft:crouch_one_cm":18568,"minecraft:fall_one_cm":30241},"minecraft:broken":{"halloween_luckyblock:clown_helmet":1},"minecraft:killed_by":{"minecraft:player":4,"minecraft:creeper":2,"minecraft:slime":1,"minecraft:rabbit":2,"minecraft:guardian":1},"minecraft:mined":{"lucky_blocks_ultimate_2:wave_lucky_block":2,"lucky_blocks_ultimate_2:dimensional_lucky_block":4,"lucky_blocks_ultimate_2:lucky_block":6,"minecraft:sandstone":1,"lucky_blocks_ultimate_2:nightmare_lucky_block":4,"minecraft:fire":20,"lucky:lucky_block":80,"lucky_blocks_ultimate_2:eclipse_lucky_block":8,"lucky_blocks_ultimate_2:ender_lucky_block":9,"lucky_blocks_ultimate_2:nuclear_lucky_block":6,"lucky_blocks_ultimate_2:yin_yang_lucky_block":6,"lucky_blocks_ultimate_2:murder_drones_lucky_block":3,"halloween_luckyblock:luckyblock":2,"minecraft:stone_bricks":1},"minecraft:dropped":{"minecraft:enchanted_book":7,"minecraft:golden_boots":1,"minecraft:bread":576,"minecraft:golden_helmet":1,"minecraft:tnt":14,"lucky:lucky_block":25,"minecraft:golden_horse_armor":1,"usefulslime:slime_sling":3,"lucky:lucky_potion":8,"minecraft:stick":3,"minecraft:diamond_horse_armor":1,"minecraft:oxeye_daisy":10,"minecraft:stone_button":2,"usefulslime:slime_boots":1,"minecraft:mutton":2,"minecraft:wooden_axe":1,"halloween_luckyblock:clown_leggings":1,"minecraft:wooden_sword":1,"minecraft:gold_nugget":7,"minecraft:red_dye":60,"paraglider:paraglider":1,"minecraft:dandelion":9,"minecraft:note_block":1,"minecraft:lever":3,"minecraft:ender_chest":64,"minecraft:golden_chestplate":1,"minecraft:sticky_piston":4,"minecraft:diamond_hoe":1,"minecraft:lime_dye":60,"minecraft:blaze_powder":4,"minecraft:poppy":7,"minecraft:oak_fence_gate":1,"minecraft:allium":7,"minecraft:dropper":8,"minecraft:pink_wool":1,"minecraft:golden_leggings":1,"minecraft:stone_bricks":2,"minecraft:bow":1,"minecraft:stone_pickaxe":1,"minecraft:quartz_slab":4},"minecraft:killed":{"minecraft:slime":9,"minecraft:horse":1,"minecraft:guardian":1,"minecraft:skeleton_horse":1,"minecraft:wolf":1,"minecraft:rabbit":1,"minecraft:creeper":1,"minecraft:squid":1,"minecraft:sheep":1,"minecraft:zombie":1,"halloween_luckyblock:vampire":1}},"DataVersion":3465}