{"stats":{"minecraft:crafted":{"minecraft:leather_leggings":2,"minecraft:leather_boots":2,"minecraft:leather_helmet":2,"minecraft:leather_chestplate":2},"minecraft:used":{"minecraft:oak_trapdoor":92,"minecraft:moss_block":4,"minecraft:ladder":198,"minecraft:diamond_hoe":6,"minecraft:oak_sign":22,"minecraft:chest":11,"minecraft:ender_chest":46,"securitycraft:reinforced_obsidian":21,"minecraft:birch_pressure_plate":1,"minecraft:obsidian":111,"halloween_luckyblock:luckyblock":2,"lucky:lucky_block":200,"minecraft:grass_block":49,"minecraft:slime_block":174,"minecraft:stone_bricks":439,"minecraft:birch_button":21,"minecraft:bedrock":1164,"securitycraft:reinforced_spruce_fence":4,"lucky:lucky_sword":4,"minecraft:smooth_quartz_stairs":138,"securitycraft:reinforced_stone_bricks":249,"minecraft:cake":1,"minecraft:birch_fence":39,"minecraft:oak_log":78,"minecraft:diamond_pickaxe":2,"minecraft:command_block":73,"minecraft:bread":6,"minecraft:barrier":611,"minecraft:oak_button":8,"minecraft:spruce_trapdoor":74,"minecraft:oak_pressure_plate":52,"minecraft:diamond_sword":9,"minecraft:wooden_sword":10,"minecraft:oak_hanging_sign":8},"minecraft:picked_up":{"minecraft:wooden_axe":4,"minecraft:music_disc_strad":1,"minecraft:allium":14,"minecraft:azure_bluet":14,"minecraft:nether_wart":1,"minecraft:ender_chest":2,"minecraft:ladder":64,"minecraft:prismarine_shard":15,"minecraft:leather_leggings":1,"minecraft:rabbit_stew":1,"minecraft:redstone_lamp":4,"minecraft:diamond_sword":2,"minecraft:pink_wool":2,"minecraft:birch_button":3,"minecraft:enchanted_book":10,"minecraft:diamond_horse_armor":1,"minecraft:oak_trapdoor":1,"minecraft:string":14,"lucky:lucky_potion":32,"minecraft:cat_spawn_egg":1,"minecraft:oak_hanging_sign":2,"minecraft:sticky_piston":4,"minecraft:quartz_slab":4,"minecraft:salmon_spawn_egg":1,"minecraft:oak_sign":3,"minecraft:gold_nugget":6,"lucky:lucky_sword":2,"minecraft:bucket":3,"minecraft:eye_armor_trim_smithing_template":1,"minecraft:cyan_wool":2,"minecraft:redstone_torch":8,"minecraft:ender_eye":3,"minecraft:poppy":7,"minecraft:iron_pickaxe":1,"minecraft:enchanted_golden_apple":3,"minecraft:chest":2,"minecraft:quartz_stairs":7,"minecraft:smooth_quartz_stairs":1,"minecraft:piston":4,"minecraft:diamond_hoe":1,"minecraft:golden_helmet":2,"minecraft:hoglin_spawn_egg":1,"minecraft:stick":2,"lucky_blocks_ultimate_2:dimensional_lucky_block":1,"minecraft:note_block":1,"minecraft:gray_dye":10,"minecraft:cake":1,"minecraft:stone_button":2,"minecraft:redstone":1,"minecraft:prismarine_crystals":7,"minecraft:golden_chestplate":2,"minecraft:iron_horse_armor":1,"minecraft:rabbit_foot":4,"minecraft:stone_pressure_plate":4,"minecraft:stone_shovel":1,"minecraft:tnt":22,"minecraft:quartz_block":15,"minecraft:stone_sword":3,"minecraft:arrow":31,"minecraft:command_block":2,"minecraft:rotten_flesh":2,"minecraft:hay_block":8,"securitycraft:reinforced_stone_bricks":1,"minecraft:blue_dye":6,"minecraft:green_wool":1,"minecraft:glistering_melon_slice":3,"minecraft:gold_ingot":42,"minecraft:blaze_rod":2,"minecraft:obsidian":2,"minecraft:mutton":8,"minecraft:blaze_powder":8,"minecraft:oxeye_daisy":10,"securitycraft:admin_tool":1,"minecraft:barrier":2,"minecraft:leather_chestplate":1,"minecraft:feather":3,"minecraft:magma_cream":5,"minecraft:tripwire_hook":2,"minecraft:water_bucket":3,"minecraft:fox_spawn_egg":1,"minecraft:skeleton_horse_spawn_egg":1,"minecraft:leather":2,"minecraft:golden_leggings":2,"minecraft:beacon":1,"minecraft:end_portal_frame":2,"minecraft:potato":29,"minecraft:bedrock":2,"securitycraft:reinforced_obsidian":64,"halloween_luckyblock:clown_leggings":1,"minecraft:golden_boots":2,"lucky:lucky_block":131,"minecraft:map":2,"minecraft:paper":9,"lucky:lucky_bow":3,"minecraft:leather_boots":1,"minecraft:bone":3,"minecraft:stone_bricks":60,"minecraft:bow":2,"minecraft:rabbit_hide":4,"minecraft:iron_ingot":22,"minecraft:oak_fence_gate":1,"minecraft:stone_pickaxe":1,"minecraft:rabbit":4,"minecraft:prismarine":12,"minecraft:stone_hoe":3,"minecraft:book":4,"minecraft:ghast_tear":2,"minecraft:nether_quartz_ore":31,"minecraft:milk_bucket":4,"minecraft:strider_spawn_egg":1,"minecraft:music_disc_13":1,"minecraft:daylight_detector":1,"minecraft:dandelion":9,"minecraft:red_wool":1,"minecraft:quartz":29,"minecraft:oak_pressure_plate":10,"minecraft:dropper":8,"minecraft:lava_bucket":2,"minecraft:ink_sac":2,"minecraft:fermented_spider_eye":5,"minecraft:sea_lantern":1,"minecraft:spider_eye":3,"minecraft:leather_helmet":1,"minecraft:diamond_shovel":1,"minecraft:husk_spawn_egg":1,"minecraft:slime_ball":4,"minecraft:slime_block":16,"minecraft:diamond":17,"minecraft:stone_axe":3,"minecraft:lever":3,"minecraft:painting":6,"minecraft:golden_apple":5,"minecraft:emerald":19,"minecraft:golden_horse_armor":3,"minecraft:bread":4675,"minecraft:oak_button":3,"minecraft:coal":4,"minecraft:nether_star":1,"minecraft:diamond_pickaxe":1,"minecraft:ender_pearl":4},"minecraft:custom":{"minecraft:mob_kills":23,"minecraft:leave_game":3,"minecraft:time_since_death":43229,"minecraft:climb_one_cm":3116,"minecraft:sprint_one_cm":291997,"minecraft:walk_one_cm":271585,"minecraft:drop":79,"minecraft:talked_to_villager":2,"minecraft:play_time":255467,"minecraft:deaths":14,"minecraft:sneak_time":8409,"minecraft:jump":1148,"minecraft:total_world_time":255467,"minecraft:time_since_rest":43264,"minecraft:open_enderchest":6,"minecraft:damage_taken":3480,"minecraft:damage_dealt":1481,"minecraft:fly_one_cm":4636891,"minecraft:open_chest":14,"minecraft:crouch_one_cm":15409,"minecraft:fall_one_cm":9105},"minecraft:killed_by":{"minecraft:slime":1,"minecraft:rabbit":2,"minecraft:guardian":1},"minecraft:mined":{"minecraft:sandstone":1,"minecraft:fire":4,"lucky:lucky_block":76,"halloween_luckyblock:luckyblock":1},"minecraft:dropped":{"minecraft:enchanted_book":7,"minecraft:golden_boots":1,"minecraft:bread":576,"minecraft:golden_helmet":1,"minecraft:tnt":14,"lucky:lucky_block":25,"minecraft:golden_horse_armor":1,"lucky:lucky_potion":8,"minecraft:stick":3,"minecraft:oxeye_daisy":10,"minecraft:diamond_horse_armor":1,"minecraft:stone_button":2,"minecraft:mutton":2,"minecraft:wooden_axe":1,"halloween_luckyblock:clown_leggings":1,"minecraft:wooden_sword":1,"minecraft:gold_nugget":7,"minecraft:red_dye":60,"minecraft:dandelion":9,"minecraft:note_block":1,"minecraft:lever":3,"minecraft:ender_chest":64,"minecraft:golden_chestplate":1,"minecraft:sticky_piston":4,"minecraft:diamond_hoe":1,"minecraft:lime_dye":60,"minecraft:blaze_powder":4,"minecraft:poppy":7,"minecraft:oak_fence_gate":1,"minecraft:allium":7,"minecraft:dropper":8,"minecraft:pink_wool":1,"minecraft:golden_leggings":1,"minecraft:stone_bricks":2,"minecraft:bow":1,"minecraft:stone_pickaxe":1,"minecraft:quartz_slab":4},"minecraft:killed":{"minecraft:slime":8,"minecraft:horse":1,"minecraft:guardian":1,"minecraft:skeleton_horse":1,"minecraft:wolf":1,"minecraft:rabbit":1,"minecraft:squid":1,"minecraft:sheep":1,"minecraft:zombie":1}},"DataVersion":3465}